STOP_SIGNAL_TASK task	01/01/1900 11:08:50	Subject ID: 000055417875	Task type: Scanning	
Trial	Trial Category	Trial Start Time (Onset)	Pre-determined/randomised onset	Go Stimulus Presentation Time 	Stimulus Presented	Delay	Stop Stimulus Presentation Time	Response made by subject	Absolute Response Time	Relative Response Time	Response Outcome	Real Jitter	Pre-determined Jitter	Success Rate of Variable Delay Stop Trials	Scanner Pulse	
1	GO	0	0	4	RightArrow						GO_TOO_LATE	0	965		5	
2	GO	1965	1965	1968	LeftArrow			B	2415	447	GO_SUCCESS	957.75	883		2199	
3	GO	3848	3848	3851	RightArrow			C	4192	341	GO_SUCCESS	873.25	879		4399	
4	GO	5727	5727	5730	LeftArrow			B	6063	333	GO_SUCCESS	873.25	1041		6607	
5	GO	7768	7768	7771	LeftArrow			B	8151	380	GO_SUCCESS	1030.75	729		8807	
6	GO	9497	9497	9500	LeftArrow			B	10023	523	GO_SUCCESS	722.75	962		11007	
7	GO	11459	11459	11462	RightArrow			C	11743	281	GO_SUCCESS	951.5	1031		13207	
8	STOP_VAR	13490	13490	13493	RightArrow	150	13647				STOP_SUCCESS	1024.25	938	100.00	13207	
9	GO	15428	15428	15431	RightArrow			C	15800	369	GO_SUCCESS	931.5	788		15432	
10	GO	17216	17216	17219	RightArrow			C	17567	348	GO_SUCCESS	783	710		17607	
11	GO	18926	18926	18929	RightArrow			C	19287	358	GO_SUCCESS	699.5	744		19807	
12	GO	20670	20670	20673	LeftArrow			B	21103	430	GO_SUCCESS	738	954		22007	
13	STOP_VAR	22624	22624	22627	RightArrow	200	22830				STOP_SUCCESS	943.5	946	100.00	24207	
14	GO	24570	24570	24573	LeftArrow			B	25007	434	GO_SUCCESS	943.5	927		24207	
15	GO	26497	26497	26500	RightArrow			C	26887	387	GO_SUCCESS	916.25	951		26501	
16	GO	28448	28448	28451	LeftArrow			B	28855	404	GO_SUCCESS	944.25	786		28607	
17	STOP_VAR	30234	30234	30237	LeftArrow	250	30490	B	30663	426	STOP_FAILURE	775.5	956	66.67	30815	
18	GO	32190	32190	32193	LeftArrow			B	32631	438	GO_SUCCESS	1396	1091		33015	
19	GO	34281	34281	34284	LeftArrow			B	34799	515	GO_SUCCESS	1080.25	987		35215	
20	GO	36268	36268	36271	RightArrow			C	36567	296	GO_SUCCESS	980.25	884		37415	
21	STOP_VAR	38152	38152	38155	LeftArrow	300	38458	B	38591	436	STOP_FAILURE	874	943	50.00	37415	
22	GO	40095	40095	40098	LeftArrow			B	40431	333	GO_SUCCESS	1332.25	730		40099	
23	GO	41825	41825	41828	RightArrow						GO_TOO_LATE	719.5	919		41829	
24	GO	43744	43744	43747	LeftArrow			B	44127	380	GO_SUCCESS	916.25	830		44015	
25	GO	45574	45574	45577	LeftArrow			B	46031	454	GO_SUCCESS	819.5	839		46215	
26	GO	47413	47413	47416	RightArrow			C	47983	567	GO_SUCCESS	832.25	973		48415	
27	GO	49386	49386	49389	RightArrow			C	49783	394	GO_SUCCESS	962.75	941		50623	
28	GO	51327	51327	51330	LeftArrow			B	51759	429	GO_SUCCESS	934.75	1057		52815	
29	STOP_VAR	53384	53384	53387	LeftArrow	300	53690	B	53791	404	STOP_FAILURE	1046.75	752	40.00	52815	
30	GO	55136	55136	55139	RightArrow			B	55431	292	GO_WRONG_KEY_RESPONSE	1142	913		55140	
31	GO	57049	57049	57052	RightArrow			C	57463	411	GO_SUCCESS	902.75	918		57215	
32	GO	58967	58967	58970	RightArrow			C	59303	333	GO_SUCCESS	912.5	941		59423	
33	GO	60908	60908	60911	LeftArrow			B	61367	456	GO_SUCCESS	930.75	960		61623	
34	GO	62868	62868	62871	RightArrow			C	63143	272	GO_SUCCESS	954	1030		63823	
35	GO	64898	64898	64901	LeftArrow			B	65215	314	GO_SUCCESS	1019.5	917		66023	
36	GO	66815	66815	66818	LeftArrow			B	67367	549	GO_SUCCESS	910.75	1005		68223	
37	STOP_VAR	68820	68820	68824	LeftArrow	250	69077	B	69215	391	STOP_FAILURE	994.75	770	33.33	68223	
38	GO	70590	70590	70593	LeftArrow			B	70991	398	GO_SUCCESS	1208.5	1072		70594	
39	GO	72662	72662	72665	LeftArrow			B	73135	470	GO_SUCCESS	1062	1073		72666	
40	GO	74735	74735	74738	LeftArrow			B	75719	981	GO_SUCCESS	1067.75	895		74823	
41	GO	76630	76630	76633	LeftArrow			B	77007	374	GO_SUCCESS	884.25	876		77023	
42	GO	78506	78506	78509	LeftArrow			B	79007	498	GO_SUCCESS	871	1079		79231	
43	GO	80585	80585	80588	LeftArrow			B	81375	787	GO_SUCCESS	1068.25	888		81423	
44	GO	82473	82473	82476	LeftArrow			B	83015	539	GO_SUCCESS	883	868		83631	
45	STOP_VAR	84341	84341	84344	LeftArrow	200	84547				STOP_SUCCESS	858	820	42.86	85831	
46	GO	86161	86161	86164	LeftArrow			B	86655	491	GO_SUCCESS	818	794		85831	
47	GO	87955	87955	87958	LeftArrow			B	88631	673	GO_SUCCESS	783.5	944		88031	
48	GO	89899	89899	89902	RightArrow			C	90287	385	GO_SUCCESS	939	853		90231	
49	GO	91752	91752	91755	LeftArrow			B	92223	468	GO_SUCCESS	842.75	787		92431	
50	GO	93539	93539	93542	RightArrow			C	93999	457	GO_SUCCESS	781.25	985		94631	
51	GO	95524	95524	95528	RightArrow			C	95927	399	GO_SUCCESS	974.75	922		96831	
52	GO	97446	97446	97449	LeftArrow			B	97983	534	GO_SUCCESS	915.5	1100		99031	
53	STOP_VAR	99546	99546	99549	RightArrow	150	99702				STOP_SUCCESS	1090	986	50.00	101231	
54	GO	101532	101532	101535	RightArrow			C	101943	408	GO_SUCCESS	983.5	852		101231	
55	GO	103384	103384	103387	LeftArrow			B	103759	372	GO_SUCCESS	842	728		103431	
56	GO	105112	105112	105115	RightArrow			C	105447	332	GO_SUCCESS	723	935		105639	
57	GO	107047	107047	107050	RightArrow			C	107583	533	GO_SUCCESS	924.25	1065		107839	
58	STOP_VAR	109112	109112	109115	LeftArrow	150	109268				STOP_SUCCESS	1059.75	749	55.56	110039	
59	GO	110861	110861	110864	LeftArrow			B	111255	391	GO_SUCCESS	742.75	902		112239	
60	GO	112763	112763	112766	LeftArrow			B	113391	625	GO_SUCCESS	896.5	856		112239	
61	GO	114619	114619	114622	LeftArrow			B	115095	473	GO_SUCCESS	846	721		114623	
62	GO	116340	116340	116343	LeftArrow			B	116711	368	GO_SUCCESS	715.75	1075		116639	
63	GO	118415	118415	118418	LeftArrow			B	118871	453	GO_SUCCESS	1064.25	886		118839	
64	STOP_VAR	120301	120301	120304	LeftArrow	200	120507				STOP_SUCCESS	880.5	975	60.00	121039	
65	GO	122276	122276	122279	LeftArrow			B	122687	408	GO_SUCCESS	967.25	893		123239	
66	GO	124169	124169	124172	RightArrow			C	124687	515	GO_SUCCESS	887.75	903		125447	
67	GO	126072	126072	126075	RightArrow			C	126511	436	GO_SUCCESS	892.25	1094		127639	
68	STOP_VAR	128166	128166	128169	RightArrow	250	128422	C	128559	390	STOP_FAILURE	1088.5	1017	54.55	127639	
69	GO	130183	130183	130186	LeftArrow			B	130591	405	GO_SUCCESS	1452.75	709		130187	
70	GO	131892	131892	131895	RightArrow			C	132271	376	GO_SUCCESS	703.75	1047		132047	
71	GO	133939	133939	133942	RightArrow			C	134487	545	GO_SUCCESS	1036.25	715		134246	
72	GO	135654	135654	135657	RightArrow			C	136039	382	GO_SUCCESS	708.25	985		136446	
73	GO	137639	137639	137642	RightArrow			C	138303	661	GO_SUCCESS	974.75	717		138646	
74	STOP_VAR	139356	139356	139359	LeftArrow	300	139662	B	139767	408	STOP_FAILURE	711.75	792	50.00	138646	
75	GO	141148	141148	141151	LeftArrow			B	141615	464	GO_SUCCESS	1178	708		141152	
76	GO	142856	142856	142859	RightArrow			C	143231	372	GO_SUCCESS	703	965		143046	
77	GO	144821	144821	144824	LeftArrow			B	145167	343	GO_SUCCESS	954.75	942		145255	
78	GO	146763	146763	146766	LeftArrow			B	147191	425	GO_SUCCESS	936.5	750		147446	
79	STOP_VAR	148513	148513	148516	RightArrow	300	148819				STOP_SUCCESS	737.5	709	53.85	149654	
80	GO	150222	150222	150225	RightArrow			C	150687	462	GO_SUCCESS	706.75	744		149654	
81	GO	151966	151966	151969	RightArrow			C	152591	622	GO_SUCCESS	731	729		151970	
82	GO	153695	153695	153699	RightArrow			C	154055	356	GO_SUCCESS	723.75	788		154054	
83	GO	155483	155483	155486	RightArrow			C	155823	337	GO_SUCCESS	775	969		156246	
84	GO	157452	157452	157455	LeftArrow			B	157895	440	GO_SUCCESS	963.75	868		158454	
85	GO	159320	159320	159323	RightArrow			C	159655	332	GO_SUCCESS	856	1091		160654	
86	GO	161411	161411	161414	LeftArrow			B	161735	321	GO_SUCCESS	1085.25	919		162854	
87	STOP_VAR	163330	163330	163333	RightArrow	350	163686	C	163695	362	STOP_FAILURE	906.25	1055	50.00	162854	
88	GO	165385	165385	165388	RightArrow			C	165726	338	GO_SUCCESS	1595.25	808		165389	
89	GO	167193	167193	167196	LeftArrow			B	167606	410	GO_SUCCESS	794	1001		167254	
90	GO	169194	169194	169198	RightArrow			C	169590	392	GO_SUCCESS	994.75	1083		169454	
91	GO	171277	171277	171280	RightArrow			C	171598	318	GO_SUCCESS	1068.25	1040		171654	
92	GO	173317	173317	173320	RightArrow			C	173639	319	GO_SUCCESS	1034	721		173854	
93	GO	175038	175038	175041	RightArrow			C	175814	773	GO_SUCCESS	707.75	870		176054	
94	STOP_VAR	176908	176908	176911	LeftArrow	350	177264	B	177310	399	STOP_FAILURE	863.5	916	46.67	176054	
95	GO	178824	178824	178827	RightArrow			C	179110	283	GO_SUCCESS	1448	874		180454	
96	GO	180698	180698	180701	RightArrow			C	181046	345	GO_SUCCESS	867.5	901		180454	
97	GO	182599	182599	182602	RightArrow			C	182902	300	GO_SUCCESS	887.75	893		182662	
98	GO	184492	184492	184495	RightArrow			C	184878	383	GO_SUCCESS	886.75	1014		184862	
99	GO	186506	186506	186509	RightArrow			C	187150	641	GO_SUCCESS	1000.5	1076		187062	
100	GO	188582	188582	188585	RightArrow			C	189302	717	GO_SUCCESS	1070	1018		189262	
101	GO	190600	190600	190604	RightArrow			C	191406	802	GO_SUCCESS	1005.5	801		191462	
102	STOP_VAR	192401	192401	192404	RightArrow	300	192707				STOP_SUCCESS	793.75	1027	50.00	193662	
103	GO	194428	194428	194431	LeftArrow			B	194926	495	GO_SUCCESS	1016.25	843		195862	
104	GO	196271	196271	196274	LeftArrow			B	196654	380	GO_SUCCESS	836.25	840		195862	
105	GO	198111	198111	198114	RightArrow			C	198494	380	GO_SUCCESS	827	969		198115	
106	GO	200080	200080	200083	LeftArrow			B	200462	379	GO_SUCCESS	962.75	1038		200262	
107	GO	202118	202118	202121	LeftArrow			B	202502	381	GO_SUCCESS	1024.5	1082		202470	
108	GO	204200	204200	204203	LeftArrow			B	204630	427	GO_SUCCESS	1075.5	893		204670	
109	STOP_VAR	206093	206093	206096	RightArrow	300	206399				STOP_SUCCESS	880.75	843	52.94	206870	
110	GO	207936	207936	207939	LeftArrow			B	208430	491	GO_SUCCESS	840.25	864		209070	
111	GO	209800	209800	209803	LeftArrow			B	210286	483	GO_SUCCESS	853	1094		211270	
112	GO	211894	211894	211897	LeftArrow			B	212206	309	GO_SUCCESS	1087.5	1014		213470	
113	GO	213908	213908	213911	RightArrow			B	214326	415	GO_WRONG_KEY_RESPONSE	1001.5	739		213470	
114	STOP_VAR	215647	215647	215650	RightArrow	350	216003	C	216070	420	STOP_FAILURE	732.25	857	50.00	215670	
115	GO	217504	217504	217507	LeftArrow			B	218030	523	GO_SUCCESS	1392.75	827		217870	
116	GO	219331	219331	219334	LeftArrow			B	219862	528	GO_SUCCESS	821.25	1033		220070	
117	GO	221364	221364	221367	RightArrow			C	221934	567	GO_SUCCESS	1021.75	805		222270	
118	GO	223169	223169	223172	LeftArrow			B	223542	370	GO_SUCCESS	798.75	718		224478	
119	GO	224887	224887	224890	RightArrow			C	225518	628	GO_SUCCESS	706.5	984		224478	
120	STOP_VAR	226871	226871	226874	LeftArrow	350	227227				STOP_SUCCESS	979	1074	52.63	226875	
121	GO	228945	228945	228948	LeftArrow			B	229390	442	GO_SUCCESS	1066.5	949		228949	
122	GO	230894	230894	230897	RightArrow			C	231262	365	GO_SUCCESS	943.75	985		231078	
123	GO	232879	232879	232882	RightArrow			C	233350	468	GO_SUCCESS	973.75	715		233278	
124	GO	234594	234594	234597	LeftArrow			C	235470	873	GO_WRONG_KEY_RESPONSE	709.25	727		235478	
125	STOP_VAR	236321	236321	236324	RightArrow	400	227227	C	236670	346	STOP_TOO_EARLY_RESPONSE	716.25	707	52.63	235478	
125	STOP_VAR	237225	236321	237229	RightArrow	350	237582	C	237646	417	STOP_FAILURE	1355.25	707	50.00	237678	
126	GO	238242	238028	238246	RightArrow			C	238814	568	GO_SUCCESS	1241.25	1095		239878	
127	GO	240123	240123	240126	LeftArrow			B	240510	384	GO_SUCCESS	1088.25	815		239878	
128	GO	241938	241938	241941	RightArrow			C	242286	345	GO_SUCCESS	803.25	902		242078	
129	GO	243840	243840	243843	RightArrow			C	244262	419	GO_SUCCESS	896.5	1019		244286	
130	GO	245859	245859	245862	RightArrow			C	246446	584	GO_SUCCESS	1007.25	908		246478	
131	GO	247767	247767	247770	RightArrow			C	248214	444	GO_SUCCESS	903	771		248686	
132	GO	249538	249538	249542	RightArrow			C	249974	432	GO_SUCCESS	759.25	1028		250878	
133	STOP_VAR	251566	251566	251569	RightArrow	350	251922	C	251950	381	STOP_FAILURE	1022	775	47.62	250878	
134	GO	253341	253341	253344	RightArrow			C	253670	326	GO_SUCCESS	1310.25	792		253345	
135	GO	255133	255133	255136	RightArrow			C	255494	358	GO_SUCCESS	787	1044		255286	
136	GO	257177	257177	257180	RightArrow			C	257638	458	GO_SUCCESS	1033	802		257486	
137	GO	258979	258979	258982	RightArrow			C	259342	360	GO_SUCCESS	796.5	1045		259686	
138	GO	261024	261024	261027	LeftArrow			B	261670	643	GO_SUCCESS	1034.75	828		261886	
139	GO	262852	262852	262855	LeftArrow			B	263302	447	GO_SUCCESS	823	999		264086	
140	STOP_VAR	264851	264851	264854	LeftArrow	300	265157				STOP_SUCCESS	988.25	753	50.00	266286	
141	GO	266604	266604	266607	RightArrow			C	266982	375	GO_SUCCESS	750.75	938		266286	
142	GO	268542	268542	268545	RightArrow			C	268926	381	GO_SUCCESS	926.5	861		268546	
143	GO	270403	270403	270406	RightArrow			C	270806	400	GO_SUCCESS	854.75	1066		270686	
144	GO	272469	272469	272472	LeftArrow			B	272950	478	GO_SUCCESS	1054.5	837		272894	
145	STOP_VAR	274306	274306	274309	LeftArrow	300	274612	B	274742	433	STOP_FAILURE	831.75	1089	47.83	275086	
146	GO	276395	276395	276398	RightArrow			C	276702	304	GO_SUCCESS	1473.75	725		277294	
147	GO	278120	278120	278123	RightArrow			C	278566	443	GO_SUCCESS	719.75	1082		279486	
148	GO	280202	280202	280205	RightArrow			C	280695	490	GO_SUCCESS	1071.5	712		281694	
149	STOP_VAR	281914	281914	281917	LeftArrow	250	282170				STOP_SUCCESS	707	789	50.00	281694	
150	GO	283703	283703	283706	RightArrow			C	284078	372	GO_SUCCESS	781.75	941		283894	
151	GO	285644	285644	285647	LeftArrow			B	286142	495	GO_SUCCESS	935.75	795		286094	
152	GO	287439	287439	287442	RightArrow			C	287734	292	GO_SUCCESS	784.25	875		288293	
153	GO	289314	289314	289317	RightArrow			C	289750	433	GO_SUCCESS	869.25	729		290493	
154	STOP_VAR	291043	291043	291046	RightArrow	250	291299	C	291446	400	STOP_FAILURE	718.75	701	48.00	290493	
155	GO	292744	292744	292747	LeftArrow			B	293142	395	GO_SUCCESS	1140.75	768		292748	
156	GO	294512	294512	294515	LeftArrow			B	295198	683	GO_SUCCESS	758	916		294894	
157	GO	296428	296428	296432	RightArrow			C	296966	534	GO_SUCCESS	911	1012		297101	
158	STOP_VAR	298440	298440	298443	LeftArrow	200	298646				STOP_SUCCESS	1001	815	50.00	299293	
159	GO	300255	300255	300258	LeftArrow			B	300878	620	GO_SUCCESS	812.25	833		301501	
160	GO	302088	302088	302091	RightArrow			C	302486	395	GO_SUCCESS	822.75	975		303701	
161	GO	304063	304063	304066	LeftArrow			B	304398	332	GO_SUCCESS	969.25	922		303701	
162	GO	305985	305985	305988	RightArrow			C	306414	426	GO_SUCCESS	911.5	879		305989	
163	GO	307864	307864	307867	LeftArrow			B	308214	347	GO_SUCCESS	873.25	974		308101	
164	GO	309838	309838	309841	LeftArrow			B	310286	445	GO_SUCCESS	963.5	1036		310301	
165	GO	311874	311874	311877	RightArrow			C	312302	425	GO_SUCCESS	1031	792		312501	
166	STOP_VAR	313666	313666	313669	LeftArrow	200	313872	B	313990	321	STOP_FAILURE	781	765	48.15	314701	
167	GO	315431	315431	315434	LeftArrow			B	315870	436	GO_SUCCESS	1254.75	938		316901	
168	GO	317369	317369	317372	LeftArrow			B	317797	425	GO_SUCCESS	927.5	1048		319102	
169	GO	319417	319417	319420	LeftArrow			B	319798	378	GO_SUCCESS	1042	914		319102	
170	GO	321331	321331	321334	RightArrow			C	321949	615	GO_SUCCESS	903.5	724		321335	
171	GO	323055	323055	323058	LeftArrow			B	323493	435	GO_SUCCESS	718	1089		323509	
172	STOP_VAR	325144	325144	325147	LeftArrow	150	325300				STOP_SUCCESS	1077.75	1078	50.00	325709	
173	GO	327222	327222	327225	LeftArrow			B	327701	476	GO_SUCCESS	1075.5	819		327909	
174	GO	329041	329041	329044	LeftArrow			B	329365	321	GO_SUCCESS	807.25	931		330109	
175	GO	330972	330972	330975	LeftArrow			B	331501	526	GO_SUCCESS	924.25	835		332309	
176	GO	332807	332807	332810	LeftArrow			B	333165	355	GO_SUCCESS	823.25	787		332309	
177	STOP_VAR	334594	334594	334597	RightArrow	150	334750				STOP_SUCCESS	780.25	1020	51.72	334598	
178	GO	336614	336614	336617	LeftArrow			B	337069	452	GO_SUCCESS	1013	978		336709	
179	GO	338592	338592	338595	RightArrow			B	338925	330	GO_WRONG_KEY_RESPONSE	971.5	738		338909	
180	GO	340330	340330	340333	RightArrow			C	340749	416	GO_SUCCESS	726.5	1082		341109	
181	GO	342412	342412	342415	LeftArrow			B	342837	422	GO_SUCCESS	1075.5	712		343317	
182	STOP_VAR	344124	344124	344127	LeftArrow	200	344330				STOP_SUCCESS	701	803	53.33	345509	
183	GO	345927	345927	345931	RightArrow			C	346301	370	GO_SUCCESS	800.25	812		345509	
184	GO	347739	347739	347742	RightArrow			C	348141	399	GO_SUCCESS	800	778		347743	
185	GO	349517	349517	349520	LeftArrow			B	349917	397	GO_SUCCESS	771.5	812		349917	
186	GO	351329	351329	351332	LeftArrow			B	351749	417	GO_SUCCESS	801	997		352117	
187	GO	353326	353326	353329	RightArrow			C	353717	388	GO_SUCCESS	990.75	999		354317	
188	STOP_VAR	355325	355325	355328	LeftArrow	250	355581	B	355717	389	STOP_FAILURE	987.25	774	51.61	354317	
189	GO	357099	357099	357102	RightArrow			C	357453	351	GO_SUCCESS	1213.5	723		357103	
190	GO	358822	358822	358825	RightArrow			C	359245	420	GO_SUCCESS	711.25	827		358826	
191	GO	360649	360649	360652	RightArrow			C	361021	369	GO_SUCCESS	820.25	891		360917	
192	GO	362540	362540	362543	LeftArrow			B	362949	406	GO_SUCCESS	879.25	929		363117	
193	STOP_VAR	364469	364469	364472	RightArrow	300	364775	C	364885	413	STOP_FAILURE	922.75	1096	50.00	365317	
194	GO	366565	366565	366568	RightArrow			C	366933	365	GO_SUCCESS	1480	724		367517	
195	GO	368289	368289	368292	RightArrow			C	368709	417	GO_SUCCESS	718	932		369717	
196	GO	370221	370221	370224	RightArrow			C	370669	445	GO_SUCCESS	921	758		369717	
197	GO	371979	371979	371982	LeftArrow			B	372685	703	GO_SUCCESS	751.5	987		371983	
198	STOP_VAR	373966	373966	373969	RightArrow	300	374272				STOP_SUCCESS	975.25	730	51.52	374117	
199	GO	375696	375696	375699	RightArrow			C	376181	482	GO_SUCCESS	727.5	744		376325	
200	GO	377440	377440	377443	RightArrow			C	377885	442	GO_SUCCESS	733	1024		378517	
201	GO	379464	379464	379467	RightArrow			C	379813	346	GO_SUCCESS	1018	887		380725	
202	GO	381351	381351	381354	RightArrow			C	381701	347	GO_SUCCESS	875.25	734		380725	
203	GO	383085	383085	383089	LeftArrow			B	383445	356	GO_SUCCESS	728.5	899		382925	
204	GO	384984	384984	384987	LeftArrow			B	385645	658	GO_SUCCESS	886.25	765		385125	
205	STOP_VAR	386749	386749	386752	RightArrow	350	387105	C	387109	357	STOP_FAILURE	759.75	952	50.00	387325	
206	GO	388701	388701	388704	RightArrow			C	388997	293	GO_SUCCESS	1488	818		389525	
207	GO	390519	390519	390522	RightArrow			C	390949	427	GO_SUCCESS	812.5	755		391725	
208	GO	392274	392274	392277	RightArrow			C	392637	360	GO_SUCCESS	743.25	899		393925	
209	GO	394173	394173	394176	RightArrow			C	394517	341	GO_SUCCESS	893.25	966		393925	
210	GO	396139	396139	396142	RightArrow			C	396397	255	GO_SUCCESS	954.5	1081		396143	
211	STOP_VAR	398220	398220	398223	LeftArrow	350	398576	B	398701	478	STOP_FAILURE	1075.75	997	48.57	398325	
212	GO	400217	400217	400220	RightArrow			C	400549	329	GO_SUCCESS	1330.75	733		400533	
213	GO	401950	401950	401953	RightArrow			C	402373	420	GO_SUCCESS	727.75	776		402733	
214	GO	403726	403726	403729	RightArrow			C	404141	412	GO_SUCCESS	765	851		404933	
215	GO	405577	405577	405580	LeftArrow			B	406149	569	GO_SUCCESS	845.25	962		407133	
216	STOP_VAR	407539	407539	407542	RightArrow	300	407845	C	407990	448	STOP_FAILURE	950.5	819	47.22	407133	
217	GO	409358	409358	409361	RightArrow			C	409757	396	GO_SUCCESS	1208.25	767		409362	
218	GO	411125	411125	411128	LeftArrow			B	411701	573	GO_SUCCESS	755.25	895		411533	
219	GO	413020	413020	413023	LeftArrow			B	413565	542	GO_SUCCESS	889.25	923		413733	
220	GO	414943	414943	414946	RightArrow			C	415589	643	GO_SUCCESS	911.25	896		415933	
221	GO	416839	416839	416842	LeftArrow			B	417237	395	GO_SUCCESS	891	867		418133	
222	STOP_VAR	418706	418706	418709	LeftArrow	250	418962				STOP_SUCCESS	855.25	864	48.65	420333	
223	GO	420570	420570	420573	RightArrow			C	420933	360	GO_SUCCESS	862	1024		420333	
224	GO	422594	422594	422597	LeftArrow			B	422973	376	GO_SUCCESS	1013	786		422598	
225	GO	424380	424380	424383	RightArrow			C	424749	366	GO_SUCCESS	780.5	933		424741	
226	STOP_VAR	426313	426313	426316	RightArrow	200	426519	C	426669	353	STOP_FAILURE	921.75	859	47.37	426941	
227	GO	428172	428172	428175	LeftArrow			B	428629	454	GO_SUCCESS	1348.25	1082		429141	
228	GO	430254	430254	430257	RightArrow			C	430605	348	GO_SUCCESS	1070.5	795		431341	
229	GO	432049	432049	432052	RightArrow			C	432413	361	GO_SUCCESS	789.25	1100		433541	
230	GO	434149	434149	434152	LeftArrow			B	434517	365	GO_SUCCESS	1089	777		433541	
231	GO	435926	435926	435930	LeftArrow			B	436405	475	GO_SUCCESS	771.75	900		435741	
232	GO	437826	437826	437829	LeftArrow			B	438285	456	GO_SUCCESS	888	990		437941	
233	STOP_VAR	439816	439816	439819	RightArrow	150	439972				STOP_SUCCESS	984.5	934	48.72	440141	
234	GO	441750	441750	441753	LeftArrow			B	442245	492	GO_SUCCESS	925.5	815		442349	
235	GO	443565	443565	443568	LeftArrow			B	444117	549	GO_SUCCESS	809.25	895		444541	
236	GO	445460	445460	445463	LeftArrow			B	446045	582	GO_SUCCESS	883.25	1079		446749	
237	GO	447539	447539	447542	LeftArrow			B	448213	671	GO_SUCCESS	1073.25	1004		448940	
238	GO	449543	449543	449546	LeftArrow			B	449957	411	GO_SUCCESS	993	746		448940	
239	STOP_VAR	451289	451289	451292	RightArrow	100	451395				STOP_SUCCESS	740.5	927	50.00	451293	
240	GO	453216	453216	453219	RightArrow			C	453573	354	GO_SUCCESS	918.25	1094		453349	
241	GO	455310	455310	455313	RightArrow			C	455781	468	GO_SUCCESS	1088.5	941		455548	
242	GO	457251	457251	457254	LeftArrow			B	457661	407	GO_SUCCESS	929.75	799		457748	
243	GO	459050	459050	459053	LeftArrow			B	459421	368	GO_SUCCESS	793.25	908		459948	
244	GO	460958	460958	460961	LeftArrow			B	461261	300	GO_SUCCESS	897	742		462148	
245	GO	462700	462700	462703	RightArrow			C	463197	494	GO_SUCCESS	736.5	931		464348	
246	GO	464631	464631	464634	LeftArrow			B	465021	387	GO_SUCCESS	919.25	858		464348	
247	STOP_VAR	466489	466489	466492	LeftArrow	100	466595				STOP_SUCCESS	852.5	852	51.22	466548	
248	GO	468341	468341	468344	RightArrow			C	468820	476	GO_SUCCESS	844	944		468748	
249	GO	470285	470285	470289	RightArrow			C	470725	436	GO_SUCCESS	938	862		470956	
250	GO	472147	472147	472150	LeftArrow			B	472501	351	GO_SUCCESS	849.5	812		473148	
251	GO	473959	473959	473962	LeftArrow			B	474669	707	GO_SUCCESS	807	1092		475356	
252	GO	476051	476051	476054	LeftArrow			B	476509	455	GO_SUCCESS	1081	791		477557	
253	GO	477842	477842	477845	LeftArrow			B	478332	487	GO_SUCCESS	785.25	907		477557	
254	GO	479749	479749	479752	LeftArrow			B	480165	413	GO_SUCCESS	894.25	949		479756	
255	STOP_VAR	481698	481698	481701	RightArrow	150	481854				STOP_SUCCESS	943.75	857	52.38	481956	
256	GO	483555	483555	483558	RightArrow			C	484028	470	GO_SUCCESS	848.75	722		484156	
257	GO	485277	485277	485280	LeftArrow			B	485620	340	GO_SUCCESS	715.5	811		486356	
258	GO	487088	487088	487091	RightArrow			C	487436	345	GO_SUCCESS	798.25	813		488556	
259	GO	488901	488901	488904	RightArrow			C	489357	453	GO_SUCCESS	806.75	933		488556	
260	GO	490834	490834	490837	RightArrow			C	491212	375	GO_SUCCESS	921.75	792		490838	
261	GO	492626	492626	492629	LeftArrow			B	493084	455	GO_SUCCESS	786	836		492956	
262	STOP_VAR	494462	494462	494465	LeftArrow	200	494668				STOP_SUCCESS	824	1061	53.49	495164	
263	GO	496523	496523	496526	RightArrow						GO_TOO_LATE	1058.75	900		497356	
264	GO	498423	498423	498426	RightArrow			C	498844	418	GO_SUCCESS	892	889		499564	
265	GO	500312	500312	500315	LeftArrow			B	500692	377	GO_SUCCESS	882.75	881		501764	
266	GO	502193	502193	502196	LeftArrow			B	502588	392	GO_SUCCESS	868.75	706		501764	
267	GO	503899	503899	503902	RightArrow			C	504228	326	GO_SUCCESS	699.5	899		503964	
268	GO	505798	505798	505801	LeftArrow			B	506236	435	GO_SUCCESS	886.25	1062		506164	
269	GO	507860	507860	507863	LeftArrow			B	508244	381	GO_SUCCESS	1055.5	1057		508364	
270	STOP_VAR	509917	509917	509920	RightArrow	250	510173				STOP_SUCCESS	1044.75	984	54.55	510564	
271	GO	511901	511901	511904	LeftArrow			B	512348	444	GO_SUCCESS	982	915		512764	
272	GO	513816	513816	513819	RightArrow			C	514324	505	GO_SUCCESS	902.25	720		514964	
273	GO	515536	515536	515539	RightArrow			C	516004	465	GO_SUCCESS	714	1069		517164	
274	GO	517605	517605	517608	LeftArrow			B	518028	420	GO_SUCCESS	1056.75	929		517164	
275	STOP_VAR	519534	519534	519537	RightArrow	300	519840	C	519940	403	STOP_FAILURE	922.75	1055	53.33	519538	
276	GO	521589	521589	521592	LeftArrow			B	522012	420	GO_SUCCESS	1639.25	767		521592	
277	GO	523356	523356	523359	RightArrow			C	523684	325	GO_SUCCESS	760.25	1057		523772	
278	GO	525413	525413	525416	LeftArrow			B	525756	340	GO_SUCCESS	1044.75	981		525972	
279	GO	527394	527394	527398	LeftArrow			B	528236	838	GO_SUCCESS	974.75	955		528172	
280	GO	529349	529349	529352	LeftArrow			B	530020	668	GO_SUCCESS	942.25	774		530372	
281	GO	531123	531123	531126	RightArrow			C	531660	534	GO_SUCCESS	767.5	706		532572	
282	STOP_VAR	532829	532829	532832	RightArrow	350	533185	C	533276	444	STOP_FAILURE	693.5	838	52.17	532572	
283	GO	534667	534667	534670	RightArrow			C	535268	598	GO_SUCCESS	1378.5	1033		534772	
284	GO	536700	536700	536703	RightArrow			C	537156	453	GO_SUCCESS	1020.75	987		536972	
285	GO	538687	538687	538690	RightArrow			C	539068	378	GO_SUCCESS	981.25	786		539172	
286	GO	540473	540473	540477	LeftArrow			B	540884	407	GO_SUCCESS	773.5	808		541380	
287	GO	542281	542281	542284	RightArrow			C	542660	376	GO_SUCCESS	802	782		543572	
288	GO	544063	544063	544066	RightArrow			C	544500	434	GO_SUCCESS	769.5	1085		545780	
289	GO	546148	546148	546151	LeftArrow			B	546508	357	GO_SUCCESS	1079.75	1058		545780	
290	STOP_VAR	548206	548206	548209	RightArrow	400	533185	C	548580	371	STOP_TOO_EARLY_RESPONSE	1045.5	872	52.17	548210	
290	STOP_VAR	549258	548206	549262	RightArrow	350	549615	C	549756	494	STOP_FAILURE	1496	872	51.06	550180	
291	GO	550601	550078	550604	LeftArrow			B	551116	512	GO_SUCCESS	1205	968		550180	
292	GO	552354	552046	552358	RightArrow			C	552748	390	GO_SUCCESS	963	891		552380	
293	GO	554057	553937	554061	RightArrow			C	554404	343	GO_SUCCESS	878.25	914		554580	
294	GO	555851	555851	555854	LeftArrow			B	556380	526	GO_SUCCESS	907.5	834		556780	
295	GO	557685	557685	557688	RightArrow			C	558157	469	GO_SUCCESS	822.5	957		558980	
296	GO	559642	559642	559645	LeftArrow			B	560060	415	GO_SUCCESS	951.75	981		561180	
297	STOP_VAR	561623	561623	561626	LeftArrow	400	562029	B	562036	410	STOP_FAILURE	969.75	999	50.00	561180	
298	GO	563622	563622	563625	RightArrow			C	563996	371	GO_SUCCESS	1489.25	719		563626	
299	GO	565341	565341	565344	LeftArrow			B	565836	492	GO_SUCCESS	707.25	962		565588	
300	GO	567303	567303	567306	LeftArrow			B	567820	514	GO_SUCCESS	956.5	924		567780	
301	STOP_VAR	569227	569227	569230	LeftArrow	400	569633	B	569684	454	STOP_FAILURE	913	1059	48.98	569988	
302	GO	571286	571286	571289	LeftArrow			B	571669	380	GO_SUCCESS	1550.25	891		572180	
303	GO	573177	573177	573180	LeftArrow						GO_TOO_LATE	879.25	988		574388	
304	GO	575165	575165	575168	LeftArrow			B	575532	364	GO_SUCCESS	986	979		576588	
305	STOP_VAR	577144	577144	577147	LeftArrow	350	577500	B	577588	441	STOP_FAILURE	967.25	998	48.00	576588	
306	GO	579142	579142	579145	LeftArrow			B	579572	427	GO_SUCCESS	1539.5	1071		579146	
307	GO	581213	581213	581216	LeftArrow			B	581636	420	GO_SUCCESS	1059.25	823		581217	
308	GO	583036	583036	583039	RightArrow			C	583436	397	GO_SUCCESS	817.25	1078		583188	
309	STOP_VAR	585114	585114	585117	RightArrow	300	585420				STOP_SUCCESS	1066.5	994	49.02	585388	
310	GO	587108	587108	587111	RightArrow			C	587588	477	GO_SUCCESS	991.5	789		587588	
311	GO	588897	588897	588900	RightArrow			C	589404	504	GO_SUCCESS	777.75	766		589788	
312	GO	590663	590663	590666	LeftArrow			B	591316	650	GO_SUCCESS	760.5	930		591988	
313	GO	592593	592593	592596	LeftArrow			B	593532	936	GO_SUCCESS	918.5	958		594196	
314	GO	594551	594551	594554	LeftArrow			B	594956	402	GO_SUCCESS	952.5	859		594196	
315	STOP_VAR	596410	596410	596413	RightArrow	250	596666				STOP_SUCCESS	847.25	785	50.00	596414	
316	GO	598195	598195	598198	LeftArrow			B	598852	654	GO_SUCCESS	782.75	1099		598596	
317	GO	600294	600294	600297	RightArrow			C	600932	635	GO_SUCCESS	1087.25	727		600796	
318	GO	602021	602021	602024	LeftArrow			B	602428	404	GO_SUCCESS	721.25	1014		602996	
319	GO	604035	604035	604038	RightArrow			C	604444	406	GO_SUCCESS	1002.5	803		605196	
320	GO	605838	605838	605841	LeftArrow			B	606348	507	GO_SUCCESS	797.25	772		607395	
321	GO	607610	607610	607613	RightArrow			C	607956	343	GO_SUCCESS	761	1025		607395	
322	STOP_VAR	609635	609635	609638	RightArrow	250	609891	C	610076	438	STOP_FAILURE	1019.75	915	49.06	609639	
323	GO	611550	611550	611553	LeftArrow			B	612196	643	GO_SUCCESS	1348.25	704		611795	
324	GO	613254	613254	613257	LeftArrow			B	613740	483	GO_SUCCESS	699	884		613995	
325	GO	615138	615138	615141	LeftArrow			B	615500	359	GO_SUCCESS	873	716		616195	
326	GO	616854	616854	616857	LeftArrow			B	617348	491	GO_SUCCESS	711	724		616195	
327	STOP_VAR	618578	618578	618581	LeftArrow	200	618784				STOP_SUCCESS	713	907	50.00	618413	
328	GO	620485	620485	620488	LeftArrow			B	621484	996	GO_SUCCESS	904.25	935		620603	
329	GO	622420	622420	622423	LeftArrow						GO_TOO_LATE	923.25	1073		622803	
330	GO	624493	624493	624496	RightArrow			C	625428	932	GO_SUCCESS	1070.75	774		625003	
331	GO	626267	626267	626270	LeftArrow			B	626676	406	GO_SUCCESS	762.5	868		627203	
332	GO	628135	628135	628138	RightArrow			C	628428	290	GO_SUCCESS	863	1037		629403	
333	GO	630172	630172	630175	RightArrow			C	630620	445	GO_SUCCESS	1025.75	719		631603	
334	STOP_VAR	631891	631891	631894	LeftArrow	200	632097				STOP_SUCCESS	713.25	730	50.91	631603	
335	GO	633621	633621	633624	LeftArrow			B	634036	412	GO_SUCCESS	721.5	815		633803	
336	GO	635436	635436	635439	RightArrow			C	635844	405	GO_SUCCESS	809.25	916		636003	
337	GO	637352	637352	637355	LeftArrow			B	637860	505	GO_SUCCESS	905	951		638203	
338	GO	639303	639303	639306	RightArrow			C	640132	826	GO_SUCCESS	945.25	754		640411	
339	GO	641057	641057	641060	LeftArrow			B	641651	591	GO_SUCCESS	742.5	1090		642603	
340	STOP_VAR	643147	643147	643150	RightArrow	250	643403	C	643531	381	STOP_FAILURE	1083.5	815	50.00	642603	
341	GO	644962	644962	644965	LeftArrow			B	645332	367	GO_SUCCESS	1247.25	1086		644966	
342	GO	647048	647048	647052	RightArrow			C	647700	648	GO_SUCCESS	1080.5	804		647052	
343	GO	648852	648852	648855	RightArrow						GO_TOO_LATE	792	790		649211	
344	GO	650642	650642	650645	RightArrow			C	651035	390	GO_SUCCESS	787.5	968		651411	
345	GO	652610	652610	652613	LeftArrow			B	653107	494	GO_SUCCESS	956	805		653611	
346	STOP_VAR	654415	654415	654418	RightArrow	250	654671	C	654787	369	STOP_FAILURE	798.75	737	49.12	653611	
347	GO	656152	656152	656155	RightArrow			C	656859	704	GO_SUCCESS	1169.75	1033		656156	
348	GO	658185	658185	658188	RightArrow			C	658987	799	GO_SUCCESS	1026.75	755		658189	
349	GO	659940	659940	659943	RightArrow			C	660627	684	GO_SUCCESS	742.25	748		660211	
350	GO	661688	661688	661691	RightArrow			C	662163	472	GO_SUCCESS	742	959		662411	
351	STOP_VAR	663647	663647	663650	LeftArrow	200	663853				STOP_SUCCESS	946.25	953	50.00	664619	
352	GO	665600	665600	665603	LeftArrow			B	665971	368	GO_SUCCESS	950.75	1086		666811	
353	GO	667686	667686	667689	RightArrow			C	667995	306	GO_SUCCESS	1072.5	1016		669019	
354	GO	669702	669702	669705	LeftArrow			B	670035	330	GO_SUCCESS	1010	890		671219	
355	GO	671592	671592	671595	RightArrow			C	672043	448	GO_SUCCESS	877.5	1000		671219	
356	GO	673592	673592	673595	RightArrow			C	674011	416	GO_SUCCESS	994	844		673596	
357	STOP_VAR	675436	675436	675439	LeftArrow	200	675642				STOP_SUCCESS	832	886	50.85	675619	
358	GO	677322	677322	677325	RightArrow			C	677715	390	GO_SUCCESS	883.5	803		677819	
359	GO	679125	679125	679128	RightArrow			C	679555	427	GO_SUCCESS	790.25	962		680020	
360	GO	681087	681087	681090	LeftArrow			B	681475	385	GO_SUCCESS	955.5	973		682219	
361	GO	683060	683060	683063	LeftArrow			B	683507	444	GO_SUCCESS	960.75	863		684419	
362	GO	684923	684923	684926	RightArrow			C	685459	533	GO_SUCCESS	856.25	988		686619	
363	GO	686911	686911	686914	RightArrow			C	687571	657	GO_SUCCESS	976	705		686619	
364	STOP_VAR	688616	688616	688619	RightArrow	250	688872				STOP_SUCCESS	698.75	920	51.67	688827	
365	GO	690536	690536	690539	RightArrow			C	690907	368	GO_SUCCESS	912	1022		691019	
366	GO	692558	692558	692561	LeftArrow			B	693019	458	GO_SUCCESS	1015.5	829		693227	
367	GO	694387	694387	694390	LeftArrow			B	694827	437	GO_SUCCESS	816.75	911		695419	
368	GO	696298	696298	696301	RightArrow			C	696747	446	GO_SUCCESS	904.25	928		697628	
369	GO	698226	698226	698229	LeftArrow			B	698627	398	GO_SUCCESS	916	743		697628	
370	STOP_VAR	699969	699969	699972	LeftArrow	300	700275	B	700419	447	STOP_FAILURE	737.25	970	50.82	699973	
371	GO	701939	701939	701942	RightArrow			C	702467	525	GO_SUCCESS	1353.5	848		702027	
372	GO	703787	703787	703790	RightArrow			C	704276	486	GO_SUCCESS	842	1073		704227	
373	GO	705860	705860	705863	RightArrow			C	706339	476	GO_SUCCESS	1060.75	1025		706427	
374	GO	707885	707885	707888	LeftArrow			B	708587	699	GO_SUCCESS	1019.75	1088		708627	
375	STOP_VAR	709973	709973	709976	LeftArrow	350	710329				STOP_SUCCESS	1076	786	51.61	710827	
376	GO	711759	711759	711762	RightArrow			C	712155	393	GO_SUCCESS	783.5	920		713027	
377	GO	713679	713679	713682	LeftArrow			B	714051	369	GO_SUCCESS	908	824		715227	
378	GO	715503	715503	715506	LeftArrow			B	716171	665	GO_SUCCESS	819	836		715227	
379	STOP_VAR	717339	717339	717342	RightArrow	400	717745				STOP_SUCCESS	824	778	52.38	717435	
380	GO	719117	719117	719120	LeftArrow			B	719563	443	GO_SUCCESS	775.5	1079		719635	
381	GO	721196	721196	721199	LeftArrow						GO_TOO_LATE	1066.25	792		721835	
382	GO	722988	722988	722991	RightArrow			C	723363	372	GO_SUCCESS	790	852		724035	
383	GO	724840	724840	724843	RightArrow			C	725227	384	GO_SUCCESS	840	887		726235	
384	GO	726727	726727	726730	RightArrow			C	727307	577	GO_SUCCESS	881.25	813		726235	
385	STOP_VAR	728540	728540	728543	LeftArrow	450	728996	B	729067	524	STOP_FAILURE	800.75	921	51.56	728544	
386	GO	730461	730461	730464	RightArrow			C	730827	363	GO_SUCCESS	1361.75	883		730636	
387	GO	732344	732344	732347	LeftArrow			B	732723	376	GO_SUCCESS	870.25	721		732835	
388	GO	734065	734065	734068	RightArrow			C	734619	551	GO_SUCCESS	715.75	929		735035	
389	GO	735994	735994	735997	RightArrow						GO_TOO_LATE	916.75	831		737235	
390	GO	737825	737825	737828	LeftArrow			B	738155	327	GO_SUCCESS	828.25	1071		739443	
391	STOP_VAR	739896	739896	739899	RightArrow	500	728996	C	740171	272	STOP_TOO_EARLY_RESPONSE	1058.25	729	51.56	739443	
391	STOP_VAR	740742	739896	740746	RightArrow	450	741199	C	741363	617	STOP_FAILURE	1451.75	729	50.77	741643	
392	GO	742078	741625	742082	RightArrow			C	742491	409	GO_SUCCESS	960.75	847		741643	
393	GO	743742	743472	743746	LeftArrow			B	744211	465	GO_SUCCESS	840.25	892		743843	
394	GO	745445	745364	745449	LeftArrow			B	746275	826	GO_SUCCESS	879	816		746043	
395	GO	747180	747180	747183	LeftArrow			B	747571	388	GO_SUCCESS	810	1052		748243	
396	GO	749232	749232	749235	LeftArrow			B	749651	416	GO_SUCCESS	1040	798		750443	
397	GO	751030	751030	751033	LeftArrow			B	751555	522	GO_SUCCESS	792.5	799		750443	
398	STOP_VAR	752829	752829	752832	LeftArrow	500	741199	B	753315	483	STOP_TOO_EARLY_RESPONSE	786.25	971	50.77	752646	
398	STOP_VAR	754068	752829	754072	LeftArrow	450	741199	B	754507	435	STOP_TOO_EARLY_RESPONSE	1482.25	971	50.77	754843	
399	GO	755266	754800	755270	LeftArrow			B	755683	413	GO_SUCCESS	1522.25	1047		757043	
400	GO	757080	756847	757083	LeftArrow			B	757595	512	GO_SUCCESS	1040.25	1077		757043	
401	GO	758924	758924	758927	LeftArrow			B	759395	468	GO_SUCCESS	1064.75	927		759251	
402	STOP_VAR	760851	760851	760854	LeftArrow	400	761257	B	761283	429	STOP_FAILURE	921.25	805	50.00	761443	
403	GO	762656	762656	762660	LeftArrow			B	763027	367	GO_SUCCESS	1289.75	711		763651	
404	GO	764367	764367	764370	RightArrow			C	764779	409	GO_SUCCESS	704.25	879		765843	
405	GO	766246	766246	766249	LeftArrow			B	766627	378	GO_SUCCESS	866.25	810		765843	
406	GO	768056	768056	768059	RightArrow			C	768459	400	GO_SUCCESS	804.5	981		768060	
407	GO	770037	770037	770040	RightArrow			C	770427	387	GO_SUCCESS	968.75	760		770251	
408	GO	771797	771797	771800	LeftArrow			B	772219	419	GO_SUCCESS	755	1029		772450	
409	STOP_VAR	773826	773826	773829	RightArrow	400	761257	C	774155	326	STOP_TOO_EARLY_RESPONSE	1017.75	804	50.00	774650	
409	STOP_VAR	774782	773826	774785	RightArrow	350	775138				STOP_SUCCESS	1473	804	50.75	774650	
410	GO	776415	775630	776419	RightArrow			C	777211	792	GO_SUCCESS	796	780		776850	
411	GO	778028	777410	778031	LeftArrow			B	778435	404	GO_SUCCESS	774	720		779050	
412	GO	779601	779130	779605	RightArrow			C	779939	334	GO_SUCCESS	709	750		779050	
413	GO	781192	780880	781196	RightArrow			C	781667	471	GO_SUCCESS	743.5	724		781250	
414	GO	782769	782604	782773	LeftArrow			C	783115	342	GO_WRONG_KEY_RESPONSE	711	984		783450	
415	GO	784588	784588	784591	LeftArrow			B	785035	444	GO_SUCCESS	978	880		785650	
416	GO	786468	786468	786471	RightArrow			C	786827	356	GO_SUCCESS	868	711		787858	
417	STOP_VAR	788179	788179	788182	LeftArrow	400	788585	B	788659	477	STOP_FAILURE	705.25	801	50.00	787858	
418	GO	789980	789980	789983	RightArrow			C	790355	372	GO_SUCCESS	1284.75	992		790050	
419	GO	791972	791972	791975	LeftArrow			B	792346	371	GO_SUCCESS	987	1099		792259	
420	GO	794071	794071	794074	RightArrow			C	794379	305	GO_SUCCESS	1085.25	838		794458	
421	STOP_VAR	795909	795909	795912	LeftArrow	400	796316	B	796347	435	STOP_FAILURE	832.5	808	49.28	796658	
422	GO	797717	797717	797720	LeftArrow			B	798115	395	GO_SUCCESS	1292	1082		798858	
423	GO	799799	799799	799802	LeftArrow			B	800395	593	GO_SUCCESS	1076.5	797		801058	
424	GO	801596	801596	801599	LeftArrow			B	802235	636	GO_SUCCESS	785.75	772		801058	
425	STOP_VAR	803368	803368	803371	RightArrow	350	803724	C	803747	376	STOP_FAILURE	767	940	48.57	803372	
426	GO	805308	805308	805311	RightArrow			C	805635	324	GO_SUCCESS	1475	701		805458	
427	GO	807009	807009	807012	LeftArrow			B	807594	582	GO_SUCCESS	695.75	880		807658	
428	GO	808889	808889	808892	LeftArrow			B	809491	599	GO_SUCCESS	868	908		809858	
429	GO	810797	810797	810800	RightArrow			C	811458	658	GO_SUCCESS	903	735		812058	
430	GO	812532	812532	812535	RightArrow			C	813242	707	GO_SUCCESS	722.25	1089		814266	
431	GO	814621	814621	814624	RightArrow			C	814978	354	GO_SUCCESS	1082.75	821		814266	
432	GO	816442	816442	816445	RightArrow			C	816818	373	GO_SUCCESS	807.75	954		816466	
433	STOP_VAR	818396	818396	818399	RightArrow	300	818702	C	818810	411	STOP_FAILURE	947.5	889	47.89	818666	
434	GO	820285	820285	820288	RightArrow			C	820650	362	GO_SUCCESS	1271.75	802		820866	
435	GO	822087	822087	822090	LeftArrow			B	822522	432	GO_SUCCESS	795.5	852		823066	
436	GO	823939	823939	823942	RightArrow			C	824386	444	GO_SUCCESS	839	1088		825266	
437	GO	826027	826027	826030	LeftArrow			B	826466	436	GO_SUCCESS	1082	840		827466	
438	GO	827867	827867	827870	LeftArrow			B	828690	820	GO_SUCCESS	828	707		827466	
439	GO	829574	829574	829577	LeftArrow						GO_TOO_LATE	700.25	703		829666	
440	STOP_VAR	831277	831277	831280	LeftArrow	250	831533	B	831698	418	STOP_FAILURE	694.25	1041	47.22	831866	
441	GO	833318	833318	833321	RightArrow			C	833714	393	GO_SUCCESS	1480.75	822		834074	
442	GO	835140	835140	835143	LeftArrow			B	835658	515	GO_SUCCESS	809.5	792		836266	
443	GO	836932	836932	836935	RightArrow			C	837466	531	GO_SUCCESS	786	825		838474	
444	STOP_VAR	838757	838757	838760	LeftArrow	200	838963				STOP_SUCCESS	812.75	750	47.95	838474	
445	GO	840507	840507	840510	RightArrow			C	840930	420	GO_SUCCESS	747.5	1051		840674	
446	GO	842558	842558	842561	LeftArrow			B	842954	393	GO_SUCCESS	1037.25	1080		842874	
447	GO	844638	844638	844641	RightArrow			C	845042	401	GO_SUCCESS	1075	823		845074	
448	GO	846461	846461	846464	RightArrow			C	846930	466	GO_SUCCESS	810.25	1009		847274	
449	GO	848470	848470	848473	RightArrow			C	848818	345	GO_SUCCESS	1002.75	1037		849474	
450	GO	850507	850507	850510	RightArrow			C	850914	404	GO_SUCCESS	1024.75	1041		851674	
451	GO	852548	852548	852551	LeftArrow			B	852987	436	GO_SUCCESS	1034.75	1097		853874	
452	STOP_VAR	854645	854645	854648	LeftArrow	150	854801				STOP_SUCCESS	1084.75	907	48.65	856074	
453	GO	856552	856552	856555	LeftArrow			B	857394	839	GO_SUCCESS	904.25	972		858282	
454	GO	858524	858524	858527	RightArrow			C	858978	451	GO_SUCCESS	959	909		858282	
455	GO	860433	860433	860436	LeftArrow			B	861034	598	GO_SUCCESS	902.75	968		860474	
456	STOP_VAR	862401	862401	862404	RightArrow	100	862507				STOP_SUCCESS	956	945	49.33	862682	
457	GO	864346	864346	864349	RightArrow			C	864930	581	GO_SUCCESS	942.75	708		864874	
458	GO	866054	866054	866057	LeftArrow			B	866554	497	GO_SUCCESS	696	1039		867082	
459	GO	868093	868093	868096	RightArrow			C	868666	570	GO_SUCCESS	1032.25	1039		869282	
460	GO	870132	870132	870135	LeftArrow			B	870538	403	GO_SUCCESS	1026.25	809		871482	
461	GO	871941	871941	871944	LeftArrow			B	872394	450	GO_SUCCESS	803.75	800		871482	
462	GO	873741	873741	873744	LeftArrow			B	874314	570	GO_SUCCESS	788	953		873745	
463	STOP_VAR	875694	875694	875697	RightArrow	50	875750				STOP_SUCCESS	947.75	993	50.00	875882	
464	GO	877687	877687	877690	LeftArrow			B	878074	384	GO_SUCCESS	983.75	815		878082	
465	GO	879502	879502	879505	RightArrow			C	880042	537	GO_SUCCESS	809.25	1060		880282	
466	GO	881562	881562	881566	LeftArrow			B	881930	364	GO_SUCCESS	1048	867		882482	
467	GO	883429	883429	883432	RightArrow			C	883778	346	GO_SUCCESS	860.25	962		884682	
468	GO	885391	885391	885394	LeftArrow			B	885786	392	GO_SUCCESS	949.5	1022		886890	
469	GO	887413	887413	887416	RightArrow			C	887874	458	GO_SUCCESS	1016.5	832		886890	
470	STOP_VAR	889245	889245	889248	RightArrow	50	889301				STOP_SUCCESS	820	893	50.65	889249	
471	GO	891138	891138	891141	LeftArrow			B	891482	341	GO_SUCCESS	890.75	971		891290	
472	GO	893109	893109	893112	LeftArrow			B	893626	514	GO_SUCCESS	958.25	793		893490	
473	GO	894902	894902	894905	RightArrow			C	895290	385	GO_SUCCESS	787.75	989		895690	
474	GO	896891	896891	896894	RightArrow			C	897354	460	GO_SUCCESS	976.75	758		897890	
475	GO	898649	898649	898652	LeftArrow			B	899114	462	GO_SUCCESS	752.5	716		900090	
476	STOP_VAR	900365	900365	900368	RightArrow	100	900471				STOP_SUCCESS	704	715	51.28	900090	
477	GO	902080	902080	902083	RightArrow			C	902530	447	GO_SUCCESS	712.25	957		902290	
478	GO	904037	904037	904040	LeftArrow			B	904450	410	GO_SUCCESS	944.75	746		904490	
479	GO	905783	905783	905786	RightArrow			C	906162	376	GO_SUCCESS	740.5	822		906690	
480	STOP_VAR	907605	907605	907608	LeftArrow	150	907761	B	907962	354	STOP_FAILURE	809.5	-908605	50.63	906690	
	
